{
  "devices": [
    {
      "installationId": "c6d21c4f-c7ff-48a3-9d8c-9470616469db",
      "lastUsed": 1753723563716
    },
    {
      "installationId": "3a892e9c-a4d8-4460-a683-a7bcaca7ee29",
      "lastUsed": 1753228757054
    },
    {
      "installationId": "032401bf-949d-44bd-8588-64a6c3ac1d9c",
      "lastUsed": 1752858383940
    },
    {
      "installationId": "d60d43e3-4f93-49de-bd79-276d293811a6",
      "lastUsed": 1752855972500
    },
    {
      "installationId": "eba76820-6761-450c-b949-f975e19da750",
      "lastUsed": 1751997242548
    }
  ]
}
